{
    "train": {
        "accuracy": 14.062360712841361,
        "loss": 0.3199550295836313
    },
    "val": {
        "accuracy": 14.101794454437243,
        "loss": 0.3852453962639675
    },
    "step": 14
}
