step	accuracy
0	0.06934315304318894
1	1.58716174806606
2	2.8881595670918587
3	3.251351389761239
4	4.7577842500955025
5	5.695957024847686
6	6.310710489399233
7	7.721025357375744
8	8.118307239665054
9	9.761064190479692
10	10.168978624430078
11	11.745592672007602
12	12.414019979193034
13	13.340449344767913
14	14.062360712841361
