step	loss
0	14.750078351545064
1	13.673829354066223
2	12.68672453371503
3	11.141385265896572
4	10.98630549944981
5	9.914659004672986
6	8.592734745746899
7	7.9535779070303665
8	6.678151842968277
9	5.472568697532244
10	4.913472236149803
11	3.7856766957295154
12	2.0635710433209806
13	1.461716958731209
14	0.3199550295836313
